
--Desarrolle un “script” para la carga de los siguientes datos de prueba de al menos las siguientes tablas:
--  Familias
--  Monedas
--  Artículos
--  Componentes
--  Lista de precios


INSERT INTO T_TipoEmpresa(nombre) VALUES ('proveedor');
INSERT INTO T_TipoEmpresa(nombre) VALUES ('cliente');

INSERT INTO T_Paises(nombre) VALUES('Costa Rica');

INSERT INTO T_Provincias(nombre,codPais) VALUES('Cartago', (SELECT codPais FROM T_Paises WHERE nombre = 'Costa Rica'));

INSERT INTO T_Cuidades(nombre,codProvincia) VALUES('Cartago',(SELECT codProvincia FROM T_Provincias WHERE nombre = 'Cartago'));

INSERT INTO T_TipoContactos(nombre) VALUES(1);

INSERT INTO T_DetalleDireccion(codCiudad,aparPostal,detalle1,detalle2) VALUES((SELECT codCiudad FROM T_Cuidades WHERE nombre = 'Cartago'),'5051','Tec','ITCR');
INSERT INTO T_Empresa(cedulaJuridica,nombreComercial,direccion,codTipoEmpresa) VALUES ('12345','empresa proveedora',1,1);
INSERT INTO T_Contacto(codTipoContacto, valor, codEmpresa) VALUES (1, 'Testing', '12345');

INSERT INTO T_CotizacionEstados(descripcion) VALUES('emitida');
INSERT INTO T_CotizacionEstados(descripcion) VALUES('anulada');

-- --------------------------------------------------------------------
-- REQUERIDO PARA PROYECCIONES
-- --------------------------------------------------------------------
INSERT INTO T_MesAnio(fecha) VALUES((SELECT DATEADD(MONTH, -9, GETDATE())));
INSERT INTO T_MesAnio(fecha) VALUES((SELECT DATEADD(MONTH, -8, GETDATE())));
INSERT INTO T_MesAnio(fecha) VALUES((SELECT DATEADD(MONTH, -7, GETDATE())));
INSERT INTO T_MesAnio(fecha) VALUES((SELECT DATEADD(MONTH, -6, GETDATE())));
INSERT INTO T_MesAnio(fecha) VALUES((SELECT DATEADD(MONTH, -5, GETDATE())));
INSERT INTO T_MesAnio(fecha) VALUES((SELECT DATEADD(MONTH, -4, GETDATE())));
INSERT INTO T_MesAnio(fecha) VALUES((SELECT DATEADD(MONTH, -3, GETDATE())));
INSERT INTO T_MesAnio(fecha) VALUES((SELECT DATEADD(MONTH, -2, GETDATE())));
INSERT INTO T_MesAnio(fecha) VALUES((SELECT DATEADD(MONTH, -1, GETDATE())));
INSERT INTO T_MesAnio(fecha) VALUES((SELECT DATEADD(MONTH, 0, GETDATE())));
INSERT INTO T_MesAnio(fecha) VALUES((SELECT DATEADD(MONTH, 1, GETDATE())));
INSERT INTO T_MesAnio(fecha) VALUES((SELECT DATEADD(MONTH, 2, GETDATE())));
INSERT INTO T_MesAnio(fecha) VALUES((SELECT DATEADD(MONTH, 3, GETDATE())));
INSERT INTO T_MesAnio(fecha) VALUES((SELECT DATEADD(MONTH, 4, GETDATE())));
INSERT INTO T_MesAnio(fecha) VALUES((SELECT DATEADD(MONTH, 5, GETDATE())));
INSERT INTO T_MesAnio(fecha) VALUES((SELECT DATEADD(MONTH, 6, GETDATE())));
INSERT INTO T_MesAnio(fecha) VALUES((SELECT DATEADD(MONTH, 7, GETDATE())));
INSERT INTO T_MesAnio(fecha) VALUES((SELECT DATEADD(MONTH, 8, GETDATE())));
INSERT INTO T_MesAnio(fecha) VALUES((SELECT DATEADD(MONTH, 9, GETDATE())));
INSERT INTO T_MesAnio(fecha) VALUES((SELECT DATEADD(MONTH, 10, GETDATE())));

-- --------------------------------------------------------------------
INSERT INTO T_ESTADOSTIPOCAMBIOS(NOMBRE) VALUES('R')
INSERT INTO T_ESTADOSTIPOCAMBIOS(NOMBRE) VALUES('P')
-- --------------------------------------------------------------------
INSERT INTO t_monedas(NOMBRE) VALUES('DOLAR');
INSERT INTO t_monedas(NOMBRE) VALUES('COLON');
-- --------------------------------------------------------------------
INSERT INTO t_indiceEconomicos(DESCRIPCION, NUMVALORESREALES, NUMMESES) VALUES('DOLAR RESPECTO AL COLON', 5, 2);
-- --------------------------------------------------------------------
INSERT INTO t_familias(DESCRIPCION, PORCIMPACOMPRA, CODINDICEECONOMICO) VALUES('procesadores',13,1);
INSERT INTO t_familias(DESCRIPCION, PORCIMPACOMPRA, CODINDICEECONOMICO) VALUES('tarjetas de video',13,1);
INSERT INTO t_familias(DESCRIPCION, PORCIMPACOMPRA, CODINDICEECONOMICO) VALUES('discos duros',13,1);
INSERT INTO t_familias(DESCRIPCION, PORCIMPACOMPRA, CODINDICEECONOMICO) VALUES('memorias',13,1);
INSERT INTO t_familias(DESCRIPCION, PORCIMPACOMPRA, CODINDICEECONOMICO) VALUES('impresoras',13,1);
INSERT INTO t_familias(DESCRIPCION, PORCIMPACOMPRA, CODINDICEECONOMICO) VALUES('monitores',13,1);
INSERT INTO t_familias(DESCRIPCION, PORCIMPACOMPRA, CODINDICEECONOMICO) VALUES('escáneres',13,1);
INSERT INTO t_familias(DESCRIPCION, PORCIMPACOMPRA, CODINDICEECONOMICO) VALUES('unidades de CD-ROM',13,1);
INSERT INTO t_familias(DESCRIPCION, PORCIMPACOMPRA, CODINDICEECONOMICO) VALUES('CPU',13,1);
INSERT INTO t_familias(DESCRIPCION, PORCIMPACOMPRA, CODINDICEECONOMICO) VALUES('microcomputadores',13,1);
INSERT INTO t_familias(DESCRIPCION, PORCIMPACOMPRA, CODINDICEECONOMICO) VALUES('PLC',13,1);
INSERT INTO t_familias(DESCRIPCION, PORCIMPACOMPRA, CODINDICEECONOMICO) VALUES('soluciones integradas',13,1);
INSERT INTO t_familias(DESCRIPCION, PORCIMPACOMPRA, CODINDICEECONOMICO) VALUES('sistema operativo',13,1);
INSERT INTO t_familias(DESCRIPCION, PORCIMPACOMPRA, CODINDICEECONOMICO) VALUES('software de oficina',13,1);
INSERT INTO t_familias(DESCRIPCION, PORCIMPACOMPRA, CODINDICEECONOMICO) VALUES('ambiente de desarrollo',13,1);
INSERT INTO t_familias(DESCRIPCION, PORCIMPACOMPRA, CODINDICEECONOMICO) VALUES('software de base de datos',13,1);
-- --------------------------------------------------------------------
INSERT INTO t_unidadMedidas(DESCRIPCION) VALUES('unidad estandar');
-- --------------------------------------------------------------------
INSERT INTO t_marcas(DESCRIPCION) VALUES('Samsung');
INSERT INTO t_marcas(DESCRIPCION) VALUES('Toshiba');
INSERT INTO t_marcas(DESCRIPCION) VALUES('Dell');
INSERT INTO t_marcas(DESCRIPCION) VALUES('Apple');
INSERT INTO t_marcas(DESCRIPCION) VALUES('Hitachi');
-- --------------------------------------------------------------------
INSERT INTO t_articuloEstados(DESCRIPCION) VALUES('Activo');
INSERT INTO t_articuloEstados(DESCRIPCION) VALUES('Inactivo');
-- --------------------------------------------------------------------
INSERT INTO t_permisoUsuarios(DESCRIPCION) VALUES('Todos');
-- --------------------------------------------------------------------
INSERT INTO t_tipoUsuarios(CODUSERPERMISO,DESCRIPCION) VALUES(1,'Admin');
-- --------------------------------------------------------------------
INSERT INTO t_usuarios(NBRLOGIN, CLVLOGIN, CODUSERTIPO) VALUES('admin','admin',1);
-- --------------------------------------------------------------------
INSERT INTO t_articulos(CODIGO, DESCRIPCION, UNDMEDIDA, CODMARCA, MODELO, FECREGISTRO, CODFAMILIA, CODESTARTICULO, CODUSERREGISTRO, CANTIDAD, CANTMAXIMA, CANTMINIMA, PRECIOMERCDOLARES, FECHAACTPRECIO)
VALUES('FTCO2175','Monitor pantalla plana de 21 pulgadas', 1, 1, 'Pantalla Plana', getdate(), 1, 1, 'admin', 10, 5, 20, 50, getdate());
INSERT INTO t_articulos(CODIGO, DESCRIPCION, UNDMEDIDA, CODMARCA, MODELO, FECREGISTRO, CODFAMILIA, CODESTARTICULO, CODUSERREGISTRO, CANTIDAD, CANTMAXIMA, CANTMINIMA, PRECIOMERCDOLARES, FECHAACTPRECIO)
VALUES('SL02.8G08ME500SSD','carcaza slim 8 GB RAM, 500 GB disco duro', 1, 2, 'CPU Slim', getdate(), 9, 1, 'admin', 5, 1, 10, 100, getdate());
INSERT INTO t_articulos(CODIGO, DESCRIPCION, UNDMEDIDA, CODMARCA, MODELO, FECREGISTRO, CODFAMILIA, CODESTARTICULO, CODUSERREGISTRO, CANTIDAD, CANTMAXIMA, CANTMINIMA, PRECIOMERCDOLARES, FECHAACTPRECIO)
VALUES('INCOHO','Impresora color inyeccion de tinta', 1, 1, 'Inyeccion', getdate(), 5, 1, 'admin', 3, 1, 10, 40, getdate());
INSERT INTO t_articulos(CODIGO, DESCRIPCION, UNDMEDIDA, CODMARCA, MODELO, FECREGISTRO, CODFAMILIA, CODESTARTICULO, CODUSERREGISTRO, CANTIDAD, CANTMAXIMA, CANTMINIMA, PRECIOMERCDOLARES, FECHAACTPRECIO)
VALUES('FP110','Fuente de poder 110V', 1, 5, '110V', getdate(), 9, 1, 'admin', 2, 1, 10, 25, getdate());

-- --------------------------------------------------------------------
INSERT INTO t_componentes(CODCOMPONENTE, CODARTICULO) VALUES('FP110','FP110');
-- --------------------------------------------------------------------
INSERT INTO t_listaPrecios(DESCRIPCION, GASTOADMIN, GASTOOTROS, UTILIDAD) VALUES('Sector publico', 150, 100, 50);
INSERT INTO t_listaPrecios(DESCRIPCION, GASTOADMIN, GASTOOTROS, UTILIDAD) VALUES('Sector privado', 120, 99, 60);
INSERT INTO t_listaPrecios(DESCRIPCION, GASTOADMIN, GASTOOTROS, UTILIDAD) VALUES('Cliente contado', 100, 80, 30);
INSERT INTO t_listaPrecios(DESCRIPCION, GASTOADMIN, GASTOOTROS, UTILIDAD) VALUES('Cliente frecuente-contado', 90, 80, 30);
INSERT INTO t_listaPrecios(DESCRIPCION, GASTOADMIN, GASTOOTROS, UTILIDAD) VALUES('Cliente credito', 200, 150, 50);
INSERT INTO t_listaPrecios(DESCRIPCION, GASTOADMIN, GASTOOTROS, UTILIDAD) VALUES('Importados', 150, 80, 35);
-- --------------------------------------------------------------------

INSERT INTO T_Cotizaciones(fecRegistro,cedJurCliente,condicionPago,condicionVenta,vigencia,observaciones,codMoneda,codEstadoCotiz,codListaPrecios,fecha)
					VALUES(GETDATE(),(SELECT cedulaJuridica FROM T_Empresa WHERE nombreComercial = 'empresa proveedora'),'Pago Contado','Venta Contado','vigente','Sin observaciones', (SELECT codigo FROM T_Monedas WHERE nombre = 'DOLAR'),(SELECT codigo FROM T_CotizacionEstados WHERE descripcion = 'emitida'),(SELECT codigo FROM T_ListaPrecios WHERE descripcion = 'sector publico'),GETDATE());

INSERT INTO T_Cotizaciones(fecRegistro,cedJurCliente,condicionPago,condicionVenta,vigencia,observaciones,codMoneda,codEstadoCotiz,codListaPrecios,fecha)
					VALUES(GETDATE(),(SELECT cedulaJuridica FROM T_Empresa WHERE nombreComercial = 'empresa proveedora'),'Pago Contado','Venta Contado','vigente','Sin observaciones', (SELECT codigo FROM T_Monedas WHERE nombre = 'DOLAR'),(SELECT codigo FROM T_CotizacionEstados WHERE descripcion = 'emitida'),(SELECT codigo FROM T_ListaPrecios WHERE descripcion = 'sector publico'),GETDATE());

INSERT INTO T_ArticulosCotizados(numCotizacion,codArticulo,undMedida,cantidad,porcenDescuento,costoUnitario,costoGrabado,montoLinea)
						VALUES(1000,'FP110',(SELECT codigo FROM T_UnidadMedidas WHERE descripcion = 'unidad estandar'),10,10,100,100,100);

INSERT INTO T_ArticulosCotizados(numCotizacion,codArticulo,undMedida,cantidad,porcenDescuento,costoUnitario,costoGrabado,montoLinea)
						VALUES(1001,'INCOHO',(SELECT codigo FROM T_UnidadMedidas WHERE descripcion = 'unidad estandar'),10,10,100,100,100);


INSERT INTO T_TIPOERRORES (DESCRIPCION) VALUES ('DEFAULT');
INSERT INTO T_BITACORA (CODUSER, CODTIPOERROR, FECHAHORA) VALUES ('Admin', (SELECT CODIGO FROM T_TIPOERRORES WHERE DESCRIPCION = 'DEFAULT'), GETDATE());


INSERT INTO T_LISTAPRECIOXARTICULOS (CODLISTAPRECIO, CODARTICULO) VALUES((SELECT CODIGO FROM T_LISTAPRECIOS WHERE DESCRIPCION = 'Sector publico'), 'FTCO2175');
INSERT INTO T_LISTAPRECIOXARTICULOS (CODLISTAPRECIO, CODARTICULO) VALUES((SELECT CODIGO FROM T_LISTAPRECIOS WHERE DESCRIPCION = 'Sector publico'), 'SL02.8G08ME500SSD');
INSERT INTO T_LISTAPRECIOXARTICULOS (CODLISTAPRECIO, CODARTICULO) VALUES((SELECT CODIGO FROM T_LISTAPRECIOS WHERE DESCRIPCION = 'Sector publico'), 'FP110');

INSERT INTO T_LISTAPRECIOXARTICULOS (CODLISTAPRECIO, CODARTICULO) VALUES((SELECT CODIGO FROM T_LISTAPRECIOS WHERE DESCRIPCION = 'Cliente frecuente-contado'), 'SL02.8G08ME500SSD');
INSERT INTO T_LISTAPRECIOXARTICULOS (CODLISTAPRECIO, CODARTICULO) VALUES((SELECT CODIGO FROM T_LISTAPRECIOS WHERE DESCRIPCION = 'Cliente frecuente-contado'), 'FTCO2175');
INSERT INTO T_LISTAPRECIOXARTICULOS (CODLISTAPRECIO, CODARTICULO) VALUES((SELECT CODIGO FROM T_LISTAPRECIOS WHERE DESCRIPCION = 'Cliente frecuente-contado'), 'FP110');

INSERT INTO T_LISTAPRECIOXARTICULOS (CODLISTAPRECIO, CODARTICULO) VALUES((SELECT CODIGO FROM T_LISTAPRECIOS WHERE DESCRIPCION = 'Cliente credito'), 'SL02.8G08ME500SSD');
INSERT INTO T_LISTAPRECIOXARTICULOS (CODLISTAPRECIO, CODARTICULO) VALUES((SELECT CODIGO FROM T_LISTAPRECIOS WHERE DESCRIPCION = 'Cliente credito'), 'FTCO2175');
INSERT INTO T_LISTAPRECIOXARTICULOS (CODLISTAPRECIO, CODARTICULO) VALUES((SELECT CODIGO FROM T_LISTAPRECIOS WHERE DESCRIPCION = 'Cliente credito'), 'FP110');


INSERT INTO T_TIPOCAMBIOS(CODMONEDA1, CODMONEDA2, MONTO, CODINDICEECONOMICO, ESTADO, FECHA) VALUES (
	(SELECT CODIGO FROM T_MONEDAS WHERE NOMBRE = 'DOLAR'),
	(SELECT CODIGO FROM T_MONEDAS WHERE NOMBRE = 'COLON'),
	505,
	(SELECT CODIGO FROM T_INDICEECONOMICOS WHERE DESCRIPCION = 'DOLAR RESPECTO AL COLON'),
	(SELECT CODIGO FROM T_ESTADOSTIPOCAMBIOS WHERE NOMBRE = 'R'),
	(SELECT DATEADD(MONTH, -9, GETDATE()))
);
INSERT INTO T_TIPOCAMBIOS(CODMONEDA1, CODMONEDA2, MONTO, CODINDICEECONOMICO, ESTADO, FECHA) VALUES (
	(SELECT CODIGO FROM T_MONEDAS WHERE NOMBRE = 'DOLAR'),
	(SELECT CODIGO FROM T_MONEDAS WHERE NOMBRE = 'COLON'),
	500,
	(SELECT CODIGO FROM T_INDICEECONOMICOS WHERE DESCRIPCION = 'DOLAR RESPECTO AL COLON'),
	(SELECT CODIGO FROM T_ESTADOSTIPOCAMBIOS WHERE NOMBRE = 'R'),
	(SELECT DATEADD(MONTH, -8, GETDATE()))
);
INSERT INTO T_TIPOCAMBIOS(CODMONEDA1, CODMONEDA2, MONTO, CODINDICEECONOMICO, ESTADO, FECHA) VALUES (
	(SELECT CODIGO FROM T_MONEDAS WHERE NOMBRE = 'DOLAR'),
	(SELECT CODIGO FROM T_MONEDAS WHERE NOMBRE = 'COLON'),
	495,
	(SELECT CODIGO FROM T_INDICEECONOMICOS WHERE DESCRIPCION = 'DOLAR RESPECTO AL COLON'),
	(SELECT CODIGO FROM T_ESTADOSTIPOCAMBIOS WHERE NOMBRE = 'R'),
	(SELECT DATEADD(MONTH, -7, GETDATE()))
);
INSERT INTO T_TIPOCAMBIOS(CODMONEDA1, CODMONEDA2, MONTO, CODINDICEECONOMICO, ESTADO, FECHA) VALUES (
	(SELECT CODIGO FROM T_MONEDAS WHERE NOMBRE = 'DOLAR'),
	(SELECT CODIGO FROM T_MONEDAS WHERE NOMBRE = 'COLON'),
	505,
	(SELECT CODIGO FROM T_INDICEECONOMICOS WHERE DESCRIPCION = 'DOLAR RESPECTO AL COLON'),
	(SELECT CODIGO FROM T_ESTADOSTIPOCAMBIOS WHERE NOMBRE = 'R'),
	(SELECT DATEADD(MONTH, -6, GETDATE()))
);
INSERT INTO T_TIPOCAMBIOS(CODMONEDA1, CODMONEDA2, MONTO, CODINDICEECONOMICO, ESTADO, FECHA) VALUES (
	(SELECT CODIGO FROM T_MONEDAS WHERE NOMBRE = 'DOLAR'),
	(SELECT CODIGO FROM T_MONEDAS WHERE NOMBRE = 'COLON'),
	530,
	(SELECT CODIGO FROM T_INDICEECONOMICOS WHERE DESCRIPCION = 'DOLAR RESPECTO AL COLON'),
	(SELECT CODIGO FROM T_ESTADOSTIPOCAMBIOS WHERE NOMBRE = 'R'),
	(SELECT DATEADD(MONTH, -5, GETDATE()))
);
INSERT INTO T_TIPOCAMBIOS(CODMONEDA1, CODMONEDA2, MONTO, CODINDICEECONOMICO, ESTADO, FECHA) VALUES (
	(SELECT CODIGO FROM T_MONEDAS WHERE NOMBRE = 'DOLAR'),
	(SELECT CODIGO FROM T_MONEDAS WHERE NOMBRE = 'COLON'),
	510,
	(SELECT CODIGO FROM T_INDICEECONOMICOS WHERE DESCRIPCION = 'DOLAR RESPECTO AL COLON'),
	(SELECT CODIGO FROM T_ESTADOSTIPOCAMBIOS WHERE NOMBRE = 'R'),
	(SELECT DATEADD(MONTH, -4, GETDATE()))
);
INSERT INTO T_TIPOCAMBIOS(CODMONEDA1, CODMONEDA2, MONTO, CODINDICEECONOMICO, ESTADO, FECHA) VALUES (
	(SELECT CODIGO FROM T_MONEDAS WHERE NOMBRE = 'DOLAR'),
	(SELECT CODIGO FROM T_MONEDAS WHERE NOMBRE = 'COLON'),
	513,
	(SELECT CODIGO FROM T_INDICEECONOMICOS WHERE DESCRIPCION = 'DOLAR RESPECTO AL COLON'),
	(SELECT CODIGO FROM T_ESTADOSTIPOCAMBIOS WHERE NOMBRE = 'R'),
	(SELECT DATEADD(MONTH, -3, GETDATE()))
);
INSERT INTO T_TIPOCAMBIOS(CODMONEDA1, CODMONEDA2, MONTO, CODINDICEECONOMICO, ESTADO, FECHA) VALUES (
	(SELECT CODIGO FROM T_MONEDAS WHERE NOMBRE = 'DOLAR'),
	(SELECT CODIGO FROM T_MONEDAS WHERE NOMBRE = 'COLON'),
	515,
	(SELECT CODIGO FROM T_INDICEECONOMICOS WHERE DESCRIPCION = 'DOLAR RESPECTO AL COLON'),
	(SELECT CODIGO FROM T_ESTADOSTIPOCAMBIOS WHERE NOMBRE = 'R'),
	(SELECT DATEADD(MONTH, -2, GETDATE()))
);
INSERT INTO T_TIPOCAMBIOS(CODMONEDA1, CODMONEDA2, MONTO, CODINDICEECONOMICO, ESTADO, FECHA) VALUES (
	(SELECT CODIGO FROM T_MONEDAS WHERE NOMBRE = 'DOLAR'),
	(SELECT CODIGO FROM T_MONEDAS WHERE NOMBRE = 'COLON'),
	520,
	(SELECT CODIGO FROM T_INDICEECONOMICOS WHERE DESCRIPCION = 'DOLAR RESPECTO AL COLON'),
	(SELECT CODIGO FROM T_ESTADOSTIPOCAMBIOS WHERE NOMBRE = 'R'),
	(SELECT DATEADD(MONTH, -1, GETDATE()))
);
INSERT INTO T_TIPOCAMBIOS(CODMONEDA1, CODMONEDA2, MONTO, CODINDICEECONOMICO, ESTADO, FECHA) VALUES (
	(SELECT CODIGO FROM T_MONEDAS WHERE NOMBRE = 'DOLAR'),
	(SELECT CODIGO FROM T_MONEDAS WHERE NOMBRE = 'COLON'),
	508,
	(SELECT CODIGO FROM T_INDICEECONOMICOS WHERE DESCRIPCION = 'DOLAR RESPECTO AL COLON'),
	(SELECT CODIGO FROM T_ESTADOSTIPOCAMBIOS WHERE NOMBRE = 'R'),
	(SELECT DATEADD(MONTH, 0, GETDATE()))
);



-- PROYECCIONES
-- --------------------------------------------------------------------------------------
-- --------------------------------------------------------------------------------------
-- --------------------------------------------------------------------------------------